threshold_quantile,threshold_m3s,horizon_days,b3_CSI,b3_F1,b3_POD,b3_FAR,b3_event_recall,b3_mean_lead_days,rf_probability_cutoff,rf_CSI,rf_F1,rf_POD,rf_FAR,rf_event_recall,rf_mean_lead_days
0.9,16150.0805,1,0.6,0.75,0.75,0.25,0.75,1.0,0.05,0.1875,0.3157894737,0.75,0.8,0.75,1.0
0.9,16150.0805,3,0.3636363636,0.5333333333,0.6666666667,0.5555555556,1.0,2.0,0.6,0.2727272727,0.4285714286,0.75,0.7,0.75,3.0
0.9,16150.0805,5,0.4705882353,0.64,0.8,0.4666666667,1.0,4.0,0.6,0.3636363636,0.5333333333,0.8,0.6,1.0,4.0
0.9,16150.0805,7,0.4680851064,0.6376811594,0.7857142857,0.4634146341,1.0,5.75,0.65,0.3142857143,0.4782608696,0.7857142857,0.65625,1.0,5.5
0.95,18980.0,1,0.5,0.6666666667,0.75,0.4,0.75,1.0,0.4,0.5,0.6666666667,0.75,0.4,0.75,1.0
0.95,18980.0,3,0.7272727273,0.8421052632,0.8,0.1111111111,1.0,2.0,0.25,0.6666666667,0.8,0.8,0.2,1.0,2.0
0.95,18980.0,5,0.5333333333,0.6956521739,0.5333333333,0.0,1.0,3.25,0.1,0.5217391304,0.6857142857,0.8,0.4,1.0,4.25
0.95,18980.0,7,0.4090909091,0.5806451613,0.4736842105,0.25,0.75,5.3333333333,0.05,0.4545454545,0.625,0.7894736842,0.4827586207,1.0,6.0
0.975,20276.25,1,0.5,0.6666666667,0.5,0.0,0.5,1.0,0.55,0.5,0.6666666667,0.5,0.0,0.5,1.0
0.975,20276.25,3,0.4166666667,0.5882352941,0.8333333333,0.5454545455,1.0,2.5,0.2,0.375,0.5454545455,0.5,0.4,0.5,3.0
0.975,20276.25,5,0.2941176471,0.4545454545,0.625,0.6428571429,0.5,5.0,0.35,0.5,0.6666666667,0.5,0.0,0.5,4.0
0.975,20276.25,7,0.4117647059,0.5833333333,0.7,0.5,0.5,7.0,0.15,0.4545454545,0.625,0.5,0.1666666667,0.5,5.0
